User,Time,Value
u00,1364169600,3.0
u00,1364256000,2.5
u00,1364342400,2.0
u00,1364428800,2.5
u00,1364515200,1.0
u00,1364688000,2.0
u00,1364774400,0.0
u00,1364947200,1.0
u00,1365033600,2.0
u00,1365120000,3.0
u00,1365206400,2.0
u00,1365292800,3.0
u00,1365379200,2.0
u00,1365465600,1.0
u00,1365552000,3.0
u00,1365638400,3.0
u00,1365724800,3.0
u00,1365811200,3.0
u00,1365897600,3.0
u00,1365984000,1.5
u00,1366156800,0.0
u00,1366416000,3.0
u00,1366502400,2.0
u00,1366588800,0.0
u00,1366675200,1.0
u00,1366761600,3.0
u00,1366848000,1.0
u00,1367366400,0.0
u00,1367712000,3.0
u00,1367798400,3.0
u00,1367971200,3.0
u00,1368057600,2.0
u00,1368144000,3.0
u00,1368403200,3.0
u00,1368662400,3.0
u00,1368748800,2.0
u00,1369267200,2.0
u00,1369353600,2.0
u00,1369440000,1.0
u00,1369526400,2.0
u00,1369699200,1.0
u00,1369785600,3.0
u00,1369958400,2.0
u00,1370131200,3.0
u01,1364342400,2.0
u01,1364428800,3.0
u01,1364515200,3.0
u01,1364601600,3.0
u01,1364688000,3.0
u01,1364774400,2.0
u01,1364860800,2.0
u01,1364947200,2.0
u01,1365033600,2.0
u01,1365120000,1.0
u01,1365206400,3.0
u01,1365292800,3.0
u01,1365379200,2.0
u01,1365465600,3.0
u01,1365552000,2.0
u01,1365638400,2.0
u01,1365724800,2.0
u01,1365811200,3.0
u01,1365897600,3.0
u01,1366070400,3.0
u01,1366156800,2.0
u01,1366243200,3.0
u01,1366329600,2.0
u01,1366502400,2.0
u01,1366588800,2.0
u01,1366675200,3.0
u02,1364342400,2.0
u02,1364428800,2.0
u02,1364515200,1.0
u02,1364601600,2.0
u02,1364688000,2.0
u02,1364774400,2.0
u02,1364860800,2.0
u02,1364947200,1.0
u02,1365033600,2.0
u02,1365120000,2.0
u02,1365206400,2.0
u02,1365292800,2.0
u02,1365379200,2.0
u02,1365465600,2.0
u02,1365552000,2.0
u02,1365811200,2.0
u02,1366156800,2.0
u02,1366502400,2.0
u02,1366588800,2.0
u02,1366848000,2.0
u02,1366934400,2.0
u02,1367539200,2.5
u02,1367712000,3.0
u02,1368662400,2.0
u03,1364342400,3.0
u03,1364688000,2.5
u03,1364774400,3.0
u03,1364947200,1.0
u03,1365033600,3.0
u03,1365120000,1.0
u03,1365292800,2.0
u03,1365379200,3.0
u03,1365465600,3.0
u03,1365552000,3.0
u03,1365638400,1.0
u03,1365811200,3.0
u03,1365984000,1.0
u03,1366070400,2.0
u03,1366502400,3.0
u03,1366588800,3.0
u03,1366675200,2.0
u03,1367193600,2.0
u03,1368144000,3.0
u03,1368316800,1.0
u03,1369094400,2.0
u04,1364256000,2.0
u04,1364342400,2.0
u04,1364428800,2.0
u04,1364515200,2.0
u04,1364601600,1.0
u04,1364688000,1.0
u04,1364774400,2.0
u04,1364860800,2.0
u04,1364947200,2.0
u04,1365033600,2.0
u04,1365120000,2.0
u04,1365206400,2.0
u04,1365292800,1.0
u04,1365379200,2.0
u04,1365465600,2.0
u04,1365552000,1.0
u04,1365638400,1.0
u04,1365724800,2.0
u04,1365984000,3.0
u04,1366070400,2.0
u04,1366156800,2.0
u04,1366243200,2.0
u04,1366329600,3.0
u04,1366588800,3.0
u04,1366675200,3.0
u04,1367280000,2.0
u04,1367366400,1.0
u04,1368403200,2.0
u05,1364342400,3.0
u05,1364428800,2.0
u05,1364515200,1.0
u05,1364601600,3.0
u05,1364688000,3.0
u07,1364256000,2.0
u07,1364342400,2.0
u07,1364428800,1.0
u07,1364515200,1.0
u07,1364601600,2.5
u07,1364688000,2.0
u07,1364774400,2.0
u07,1364860800,3.0
u07,1364947200,2.0
u07,1365033600,2.0
u07,1365120000,2.0
u07,1365379200,3.0
u07,1365552000,2.0
u07,1365638400,2.5
u07,1365724800,2.0
u07,1365811200,1.0
u07,1365984000,2.0
u07,1366156800,1.0
u07,1366588800,2.0
u07,1366675200,3.0
u07,1367452800,1.0
u08,1364256000,2.0
u08,1364342400,2.5
u08,1364428800,1.0
u08,1364515200,1.0
u08,1364601600,2.0
u08,1364688000,1.0
u08,1364774400,2.0
u08,1364860800,2.0
u08,1364947200,1.0
u08,1365033600,2.0
u08,1365120000,1.0
u08,1365206400,1.0
u08,1365292800,3.0
u08,1365552000,2.5
u08,1365638400,3.0
u08,1365897600,3.0
u08,1365984000,3.0
u08,1366070400,1.5
u08,1366243200,1.5
u08,1366416000,3.0
u08,1366502400,3.0
u08,1366588800,0.0
u08,1366675200,1.5
u08,1366761600,3.0
u08,1366848000,3.0
u08,1366934400,2.0
u08,1367366400,2.0
u08,1367539200,3.0
u08,1367712000,3.0
u08,1367798400,3.0
u08,1368057600,3.0
u08,1368230400,3.0
u08,1368576000,2.0
u08,1368921600,2.0
u08,1369267200,1.0
u09,1364342400,3.0
u09,1364428800,2.0
u09,1364515200,2.0
u10,1364342400,2.0
u10,1364515200,2.0
u10,1364601600,3.0
u10,1364688000,2.0
u10,1364774400,2.0
u10,1364860800,2.0
u10,1364947200,2.0
u10,1365033600,2.0
u10,1365120000,2.0
u10,1365206400,2.0
u10,1365292800,2.0
u10,1365379200,2.0
u10,1365465600,2.0
u10,1365552000,1.0
u10,1365638400,2.0
u10,1365724800,2.0
u10,1365811200,1.0
u10,1365897600,1.0
u10,1365984000,2.0
u10,1366070400,2.0
u10,1366156800,2.0
u10,1366243200,2.0
u10,1366502400,2.0
u10,1366588800,2.0
u10,1366675200,1.0
u10,1366934400,2.0
u10,1367020800,1.0
u10,1367193600,1.0
u10,1367280000,0.0
u10,1367366400,2.0
u10,1367452800,3.0
u10,1367539200,2.0
u10,1367712000,2.0
u10,1367798400,2.0
u10,1367884800,2.0
u10,1367971200,2.0
u10,1368144000,2.0
u10,1368230400,2.0
u10,1368316800,2.0
u10,1368489600,2.0
u10,1368662400,2.0
u10,1369094400,3.0
u10,1369785600,2.0
u12,1364342400,2.0
u12,1364428800,3.0
u12,1364515200,3.0
u12,1364601600,1.0
u12,1364688000,3.0
u12,1364774400,2.0
u12,1364860800,3.0
u12,1364947200,2.0
u12,1365033600,1.0
u12,1365120000,2.0
u12,1365379200,3.0
u12,1365552000,2.5
u12,1365638400,3.0
u12,1365724800,2.0
u12,1365811200,3.0
u12,1365897600,3.0
u12,1365984000,2.0
u12,1366070400,1.0
u12,1367280000,3.0
u12,1367539200,1.0
u12,1368662400,3.0
u12,1369440000,3.0
u12,1369958400,3.0
u12,1370217600,3.0
u13,1365379200,3.0
u14,1364515200,2.0
u14,1364601600,2.0
u14,1364774400,1.5
u14,1364860800,2.0
u14,1364947200,2.0
u14,1365033600,3.0
u14,1365120000,2.0
u14,1365206400,2.0
u14,1365292800,3.0
u14,1365465600,3.0
u14,1365552000,1.0
u14,1365638400,3.0
u14,1365724800,2.0
u14,1365984000,3.0
u14,1366156800,3.0
u14,1366243200,2.0
u14,1366502400,3.0
u14,1366588800,2.0
u14,1366675200,2.0
u14,1367193600,1.0
u14,1367366400,2.0
u14,1367452800,3.0
u14,1367539200,3.0
u14,1367798400,3.0
u14,1368057600,3.0
u15,1364515200,2.5
u15,1364601600,3.0
u15,1364947200,2.0
u15,1365120000,2.0
u15,1365379200,2.0
u15,1365465600,1.0
u15,1365552000,2.0
u15,1365724800,2.0
u15,1365984000,3.0
u15,1366070400,3.0
u15,1366243200,2.0
u15,1366588800,3.0
u15,1369785600,0.0
u16,1364342400,2.0
u16,1364428800,2.0
u16,1364515200,2.0
u16,1364601600,3.0
u16,1364688000,3.0
u16,1364774400,2.0
u16,1364860800,3.0
u16,1364947200,2.0
u16,1365033600,2.0
u16,1365120000,3.0
u16,1365206400,2.0
u16,1365292800,3.0
u16,1365379200,2.0
u16,1365465600,3.0
u16,1365552000,1.0
u16,1365638400,2.0
u16,1365724800,2.0
u16,1365811200,2.0
u16,1365897600,1.0
u16,1365984000,2.0
u16,1366070400,1.0
u16,1366156800,2.0
u16,1366243200,2.0
u16,1366329600,1.0
u16,1366416000,2.0
u16,1366502400,3.0
u16,1366588800,2.0
u16,1366675200,1.0
u16,1366934400,1.0
u16,1367107200,2.0
u16,1367193600,1.0
u16,1367280000,1.0
u16,1367366400,3.0
u16,1367452800,2.0
u16,1367539200,2.0
u16,1367625600,1.0
u16,1367712000,2.0
u16,1367798400,3.0
u16,1367884800,2.0
u16,1367971200,2.0
u16,1368144000,3.0
u16,1368230400,2.0
u16,1368316800,2.0
u16,1368403200,2.0
u16,1368489600,1.0
u16,1368576000,2.0
u16,1368748800,3.0
u16,1368835200,2.0
u16,1368921600,3.0
u16,1369008000,3.0
u16,1369094400,3.0
u16,1369180800,2.0
u16,1369267200,2.0
u16,1369353600,3.0
u16,1369440000,3.0
u16,1369526400,3.0
u16,1369612800,1.0
u16,1369699200,1.0
u16,1369785600,1.5
u17,1364342400,2.0
u17,1364428800,2.0
u17,1364515200,1.0
u17,1364601600,2.0
u17,1364688000,1.0
u17,1364774400,1.0
u17,1364947200,1.0
u17,1365465600,2.0
u17,1365552000,1.0
u17,1365638400,2.0
u17,1365724800,2.0
u17,1365811200,3.0
u17,1365984000,1.0
u17,1366070400,1.0
u17,1366156800,1.0
u17,1366243200,0.5
u17,1366329600,1.0
u17,1366416000,1.0
u17,1366502400,2.0
u17,1366934400,2.0
u17,1367020800,1.0
u17,1367193600,2.0
u17,1367366400,2.0
u17,1367539200,1.0
u17,1367884800,2.0
u17,1367971200,1.0
u17,1368403200,0.0
u17,1368489600,1.0
u17,1368576000,0.0
u17,1368748800,2.0
u17,1368835200,1.0
u17,1369008000,0.0
u17,1370044800,2.0
u18,1364342400,3.0
u18,1364428800,3.0
u18,1364515200,2.5
u18,1364688000,3.0
u18,1364774400,3.0
u18,1364860800,3.0
u18,1364947200,2.0
u18,1365120000,2.0
u18,1365206400,3.0
u18,1365379200,3.0
u18,1365465600,3.0
u18,1365552000,0.0
u18,1365638400,0.5
u18,1365724800,0.0
u18,1365897600,3.0
u18,1366156800,2.0
u18,1366243200,2.5
u18,1366502400,3.0
u18,1367280000,0.0
u18,1367452800,2.0
u18,1367539200,1.0
u18,1368576000,3.0
u18,1369526400,3.0
u18,1369785600,3.0
u19,1364342400,3.0
u19,1364428800,2.0
u19,1364515200,2.0
u19,1364774400,2.0
u19,1364860800,3.0
u19,1364947200,2.0
u19,1365033600,2.0
u19,1365120000,2.0
u19,1365206400,2.0
u19,1365292800,2.0
u19,1365379200,3.0
u19,1365465600,3.0
u19,1365552000,3.0
u19,1365638400,3.0
u19,1365724800,3.0
u19,1365811200,2.0
u19,1365897600,3.0
u19,1365984000,3.0
u19,1366070400,2.0
u19,1366156800,2.0
u19,1366243200,1.0
u19,1366329600,3.0
u19,1366588800,2.0
u19,1366675200,3.0
u19,1366848000,2.0
u19,1366934400,3.0
u19,1367193600,2.0
u19,1367366400,2.0
u19,1367452800,3.0
u19,1367539200,3.0
u19,1367798400,3.0
u19,1368144000,3.0
u19,1368230400,2.0
u19,1368316800,3.0
u19,1368403200,2.0
u19,1368489600,2.0
u19,1368576000,2.0
u19,1368662400,2.0
u19,1368748800,2.0
u19,1368835200,3.0
u19,1368921600,3.0
u19,1369008000,3.0
u19,1369180800,3.0
u19,1369353600,1.0
u19,1369440000,2.0
u19,1369526400,2.0
u19,1369612800,2.0
u19,1369785600,0.0
u19,1369958400,3.0
u20,1364342400,3.0
u20,1364428800,2.0
u20,1364774400,3.0
u20,1364860800,3.0
u20,1364947200,3.0
u20,1365033600,2.0
u20,1365120000,0.0
u20,1365292800,2.0
u20,1365379200,3.0
u20,1365552000,2.0
u20,1365638400,1.0
u20,1365724800,2.0
u22,1364342400,1.0
u22,1364428800,2.0
u22,1364515200,3.0
u22,1364601600,3.0
u22,1364688000,3.0
u22,1364774400,2.0
u22,1364860800,3.0
u22,1364947200,2.0
u22,1365033600,3.0
u22,1365120000,3.0
u22,1365379200,3.0
u22,1365465600,3.0
u22,1365552000,2.0
u22,1365638400,3.0
u22,1365897600,2.0
u22,1366502400,3.0
u22,1367280000,3.0
u22,1368144000,1.0
u22,1368489600,3.0
u23,1364428800,2.0
u23,1364515200,1.0
u23,1364601600,3.0
u23,1364688000,3.0
u23,1364774400,2.0
u23,1364860800,3.0
u23,1364947200,2.0
u23,1365033600,3.0
u23,1365120000,3.0
u23,1365206400,3.0
u23,1365292800,2.0
u23,1365379200,1.0
u23,1365465600,1.0
u23,1365638400,3.0
u23,1365724800,1.0
u23,1365811200,1.0
u23,1365897600,3.0
u23,1365984000,3.0
u23,1366156800,3.0
u23,1366243200,3.0
u23,1366416000,3.0
u23,1366588800,3.0
u24,1364428800,1.0
u24,1364515200,1.5
u24,1364601600,2.0
u24,1364774400,2.0
u24,1364860800,2.0
u24,1364947200,3.0
u24,1365033600,1.0
u24,1365120000,3.0
u24,1365206400,2.0
u24,1365379200,1.0
u24,1365465600,1.0
u24,1365724800,2.0
u24,1365811200,1.0
u24,1365897600,2.0
u24,1366156800,2.0
u24,1368403200,2.0
u24,1369526400,0.0
u25,1364428800,2.0
u25,1364601600,3.0
u25,1364774400,2.0
u25,1364860800,1.0
u25,1364947200,1.0
u25,1365120000,1.0
u25,1365379200,3.0
u25,1365465600,3.0
u25,1365552000,1.0
u25,1365897600,1.0
u25,1366070400,3.0
u25,1366588800,1.0
u27,1364428800,0.0
u27,1364515200,1.0
u27,1364688000,3.0
u27,1364774400,1.0
u27,1364947200,2.0
u27,1365033600,2.0
u27,1365120000,2.0
u27,1365379200,1.0
u27,1365552000,0.0
u27,1366156800,0.0
u27,1366243200,2.0
u27,1366329600,2.0
u27,1366416000,3.0
u27,1367193600,0.0
u27,1367539200,3.0
u27,1369180800,0.0
u30,1364428800,3.0
u30,1364515200,3.0
u30,1364688000,2.0
u30,1364774400,3.0
u30,1364947200,2.5
u30,1365206400,2.0
u30,1365292800,1.0
u30,1365379200,1.0
u30,1365552000,3.0
u30,1365638400,3.0
u30,1365724800,3.0
u30,1365811200,2.0
u30,1365897600,3.0
u30,1365984000,3.0
u30,1366070400,3.0
u30,1366156800,3.0
u30,1366243200,1.0
u30,1366329600,3.0
u30,1366416000,2.0
u30,1366588800,3.0
u30,1366675200,3.0
u30,1366848000,3.0
u30,1366934400,3.0
u30,1367193600,2.0
u30,1367366400,1.0
u30,1367452800,3.0
u30,1367539200,2.0
u30,1367798400,3.0
u31,1364342400,0.0
u31,1364428800,1.0
u31,1364515200,2.0
u31,1364688000,3.0
u31,1364774400,3.0
u31,1364860800,0.5
u31,1364947200,3.0
u31,1365033600,1.0
u31,1365552000,1.0
u32,1364688000,2.0
u32,1364774400,2.0
u32,1364860800,3.0
u32,1364947200,1.0
u32,1365033600,2.0
u32,1365120000,2.0
u32,1365206400,1.0
u32,1365292800,2.0
u32,1365379200,2.0
u32,1365465600,2.0
u32,1365552000,2.0
u32,1365638400,2.0
u32,1365724800,2.0
u32,1365811200,1.0
u32,1365897600,3.0
u32,1365984000,2.0
u32,1366070400,2.0
u32,1366156800,1.0
u32,1366243200,1.0
u32,1366329600,2.0
u32,1366416000,1.0
u32,1366588800,2.0
u32,1366675200,1.0
u32,1366761600,1.0
u32,1366848000,1.0
u32,1366934400,2.0
u32,1367020800,1.0
u32,1367107200,0.0
u32,1367193600,2.0
u32,1367280000,1.0
u32,1367366400,2.0
u32,1367539200,2.0
u32,1367712000,2.0
u32,1367798400,2.0
u32,1367971200,2.0
u32,1368144000,2.0
u32,1368316800,1.0
u32,1368489600,1.0
u32,1368835200,2.0
u32,1368921600,1.0
u32,1369008000,2.0
u32,1369180800,2.0
u32,1369440000,1.0
u32,1369612800,2.0
u32,1369699200,2.0
u32,1370217600,2.0
u33,1364428800,3.0
u33,1364515200,2.0
u33,1364601600,2.0
u33,1364688000,2.0
u33,1364774400,0.0
u33,1364860800,0.0
u33,1364947200,0.0
u33,1365033600,2.0
u33,1365120000,3.0
u33,1365206400,3.0
u33,1365292800,2.0
u33,1365379200,3.0
u33,1365465600,3.0
u33,1365552000,2.0
u33,1365638400,2.0
u33,1365724800,2.0
u33,1365811200,3.0
u33,1365897600,2.0
u33,1365984000,1.0
u33,1366070400,3.0
u33,1366156800,0.0
u33,1366243200,2.0
u33,1366329600,1.0
u33,1366416000,3.0
u33,1366588800,2.0
u33,1366761600,1.0
u33,1366934400,1.0
u33,1367280000,3.0
u33,1367539200,0.0
u33,1367798400,2.0
u33,1367884800,2.0
u33,1367971200,2.0
u33,1368057600,2.0
u33,1368230400,2.0
u33,1368403200,0.0
u33,1369267200,2.0
u33,1369353600,0.0
u33,1369785600,0.0
u34,1364428800,3.0
u34,1364774400,3.0
u34,1364860800,3.0
u34,1364947200,3.0
u34,1365120000,3.0
u34,1367193600,2.0
u34,1368403200,2.0
u35,1364515200,2.5
u35,1364774400,1.0
u35,1364860800,3.0
u35,1364947200,2.0
u35,1365033600,3.0
u35,1365120000,3.0
u35,1365379200,3.0
u35,1365465600,3.0
u35,1365552000,3.0
u35,1365724800,3.0
u35,1365897600,3.0
u35,1365984000,3.0
u35,1366070400,3.0
u35,1366156800,2.0
u35,1366243200,3.0
u35,1367193600,3.0
u35,1367280000,1.0
u35,1367452800,2.0
u35,1367539200,2.0
u35,1367798400,3.0
u35,1368144000,3.0
u35,1369612800,1.0
u36,1364515200,2.0
u36,1364601600,3.0
u36,1364688000,2.0
u36,1364774400,0.0
u36,1364860800,3.0
u36,1364947200,2.0
u36,1365033600,2.0
u36,1365120000,0.0
u36,1365206400,2.0
u36,1365292800,2.0
u36,1365379200,2.0
u36,1365465600,2.0
u36,1365552000,3.0
u36,1365638400,3.0
u36,1365724800,0.0
u36,1365897600,2.0
u36,1365984000,2.0
u36,1366156800,2.0
u36,1366502400,2.0
u36,1366588800,2.0
u36,1367107200,2.0
u36,1367193600,2.0
u36,1367366400,2.0
u36,1367452800,2.0
u36,1367539200,2.0
u36,1367712000,2.0
u36,1367798400,2.0
u36,1367971200,3.0
u36,1368057600,3.0
u36,1368230400,2.0
u36,1368921600,3.0
u39,1365465600,3.0
u39,1365552000,3.0
u39,1365811200,3.0
u39,1366070400,3.0
u39,1366156800,3.0
u39,1366761600,3.0
u39,1366848000,3.0
u41,1364515200,2.0
u41,1364601600,3.0
u41,1364688000,2.0
u41,1364774400,1.0
u41,1364860800,3.0
u41,1365033600,2.0
u41,1365465600,2.0
u41,1365552000,2.0
u41,1365638400,3.0
u41,1365724800,1.0
u41,1366588800,3.0
u41,1368316800,1.0
u42,1364860800,2.5
u42,1364947200,2.0
u42,1365120000,1.0
u42,1365379200,3.0
u42,1365552000,3.0
u42,1366156800,1.0
u42,1366502400,2.0
u42,1368403200,3.0
u42,1368576000,3.0
u42,1368835200,3.0
u42,1369612800,2.0
u42,1369785600,3.0
u43,1364774400,2.0
u43,1364860800,2.0
u43,1364947200,1.0
u43,1365033600,3.0
u43,1365120000,2.0
u43,1365206400,2.0
u43,1365292800,2.0
u43,1365379200,2.0
u43,1365465600,2.0
u43,1365552000,1.0
u43,1365638400,1.0
u43,1365724800,1.0
u43,1365811200,2.0
u43,1365897600,1.0
u43,1365984000,2.0
u43,1366070400,2.0
u43,1366156800,2.0
u43,1366243200,2.0
u43,1366502400,2.0
u43,1366934400,2.0
u43,1367366400,2.0
u43,1367539200,2.0
u43,1368144000,1.0
u44,1364860800,3.0
u44,1364947200,3.0
u44,1365033600,2.5
u44,1365120000,3.0
u44,1365206400,3.0
u44,1365292800,3.0
u44,1365379200,2.0
u44,1365465600,3.0
u44,1365552000,3.0
u44,1365638400,3.0
u44,1365724800,3.0
u44,1365811200,2.5
u44,1365984000,2.0
u44,1366156800,3.0
u44,1366243200,3.0
u44,1366329600,3.0
u44,1366416000,3.0
u44,1366502400,3.0
u44,1366588800,2.0
u44,1366675200,3.0
u44,1366761600,3.0
u44,1366848000,3.0
u44,1366934400,3.0
u44,1367020800,3.0
u44,1367107200,2.0
u44,1367193600,2.0
u44,1367280000,3.0
u44,1367366400,3.0
u44,1367452800,3.0
u44,1367539200,3.0
u44,1367625600,3.0
u44,1367712000,3.0
u44,1367798400,3.0
u44,1367884800,2.0
u44,1367971200,3.0
u44,1368057600,3.0
u44,1368144000,3.0
u44,1368316800,3.0
u44,1368403200,3.0
u44,1368489600,3.0
u44,1368576000,3.0
u44,1368662400,3.0
u44,1368748800,3.0
u44,1368835200,3.0
u44,1368921600,3.0
u44,1369008000,3.0
u44,1369180800,3.0
u44,1369267200,3.0
u44,1369353600,3.0
u44,1369440000,3.0
u44,1369612800,3.0
u44,1370044800,3.0
u45,1364860800,2.5
u45,1364947200,3.0
u45,1365033600,3.0
u45,1365120000,3.0
u45,1365379200,3.0
u45,1365724800,3.0
u45,1365811200,3.0
u45,1367798400,3.0
u45,1368489600,3.0
u45,1368576000,3.0
u46,1364688000,3.0
u46,1364774400,1.0
u46,1364860800,2.0
u46,1364947200,2.0
u46,1365120000,1.0
u46,1365206400,2.0
u46,1365292800,2.0
u46,1365379200,2.0
u46,1365552000,1.0
u46,1365724800,1.0
u46,1365984000,0.0
u46,1366156800,1.0
u46,1366243200,1.0
u46,1366848000,3.0
u46,1366934400,3.0
u46,1367193600,3.0
u46,1367366400,2.0
u46,1367539200,1.0
u46,1367798400,2.0
u47,1364515200,3.0
u47,1364601600,2.0
u47,1364688000,2.0
u47,1364774400,2.0
u47,1366502400,3.0
u47,1369094400,2.0
u47,1369267200,2.0
u47,1369612800,3.0
u49,1364515200,1.0
u49,1364601600,3.0
u49,1364688000,1.0
u49,1364774400,2.0
u49,1364860800,1.0
u49,1364947200,0.0
u49,1365033600,1.0
u49,1365120000,2.0
u49,1365206400,2.0
u49,1365292800,3.0
u49,1365379200,0.0
u49,1365465600,2.0
u49,1365552000,1.0
u49,1365638400,0.0
u49,1365811200,2.0
u49,1365897600,2.0
u49,1366156800,2.0
u49,1366243200,3.0
u49,1366416000,3.0
u49,1366502400,0.0
u49,1366588800,2.0
u49,1366761600,1.0
u49,1367107200,3.0
u49,1367366400,2.0
u49,1367539200,2.0
u49,1367625600,3.0
u49,1367798400,2.0
u49,1367884800,2.0
u49,1368144000,3.0
u49,1368316800,2.0
u49,1368403200,3.0
u49,1368835200,3.0
u49,1368921600,2.0
u49,1369094400,3.0
u49,1369353600,2.0
u49,1369526400,3.0
u49,1369872000,3.0
u49,1369958400,3.0
u50,1364688000,1.0
u50,1364774400,2.0
u50,1364860800,2.0
u50,1364947200,2.0
u50,1365379200,2.0
u50,1368403200,2.0
u51,1364428800,2.0
u51,1364515200,2.0
u51,1364774400,1.0
u51,1364860800,2.0
u51,1364947200,1.0
u51,1365033600,1.0
u51,1365120000,2.0
u51,1365206400,2.0
u51,1365292800,2.0
u51,1365379200,1.0
u51,1365465600,3.0
u51,1365638400,3.0
u51,1365724800,2.0
u51,1365811200,3.0
u51,1365984000,3.0
u51,1366070400,2.0
u51,1366156800,2.0
u51,1366502400,3.0
u51,1366588800,3.0
u51,1367193600,3.0
u51,1367280000,1.0
u51,1367539200,3.0
u51,1368057600,2.0
u51,1368230400,2.0
u51,1368316800,3.0
u51,1369008000,2.0
u51,1369094400,2.0
u51,1369526400,1.0
u51,1369699200,0.0
u51,1369785600,3.0
u51,1369872000,2.0
u51,1369958400,2.0
u51,1370217600,1.0
u52,1364428800,3.0
u52,1364515200,3.0
u52,1364601600,3.0
u52,1364774400,3.0
u52,1364860800,3.0
u52,1364947200,3.0
u52,1365033600,2.0
u52,1365120000,2.5
u52,1365206400,3.0
u52,1365292800,3.0
u52,1365379200,3.0
u52,1365465600,3.0
u52,1365552000,2.0
u52,1365638400,3.0
u52,1365724800,3.0
u52,1365811200,3.0
u52,1365984000,3.0
u52,1366070400,3.0
u52,1366243200,2.0
u52,1366675200,3.0
u52,1367280000,2.0
u52,1368662400,2.0
u53,1364342400,2.0
u53,1364428800,2.0
u53,1364515200,2.0
u53,1364601600,2.0
u53,1364774400,2.0
u53,1364860800,1.0
u53,1364947200,2.0
u53,1365033600,3.0
u53,1365120000,1.0
u53,1365292800,2.0
u53,1365379200,1.0
u53,1365552000,2.0
u53,1365638400,1.0
u53,1365724800,0.0
u53,1365811200,2.0
u53,1366243200,1.0
u53,1366761600,2.0
u53,1366848000,1.0
u53,1366934400,1.0
u53,1367193600,0.0
u53,1367539200,1.0
u53,1367798400,1.0
u53,1368144000,1.0
u53,1368403200,0.0
u53,1368489600,0.0
u53,1368576000,0.0
u53,1368748800,2.0
u53,1369008000,0.0
u53,1369612800,2.0
u54,1364428800,1.0
u54,1364601600,2.0
u54,1364688000,1.0
u54,1365120000,1.0
u54,1365465600,1.0
u54,1365638400,3.0
u54,1365724800,1.0
u54,1365897600,2.0
u54,1365984000,3.0
u54,1366070400,3.0
u54,1366156800,1.0
u54,1366502400,2.0
u56,1365292800,2.0
u56,1365379200,1.0
u56,1365465600,2.0
u56,1365552000,2.0
u56,1365724800,2.0
u56,1365897600,2.0
u56,1365984000,2.0
u56,1366070400,2.0
u56,1366156800,2.0
u56,1366675200,3.0
u56,1366761600,3.0
u56,1367280000,2.0
u56,1367625600,2.0
u56,1368316800,2.0
u56,1368403200,2.0
u56,1368921600,2.0
u56,1369094400,2.0
u56,1369180800,1.0
u56,1369353600,2.0
u56,1369785600,2.0
u56,1370390400,1.0
u57,1364342400,3.0
u57,1364428800,2.0
u57,1364515200,2.0
u57,1364601600,2.0
u57,1364688000,2.0
u57,1364774400,3.0
u57,1364860800,3.0
u57,1364947200,2.0
u57,1365033600,3.0
u57,1365120000,2.0
u57,1365206400,1.0
u57,1365292800,1.0
u57,1365379200,1.0
u57,1365465600,3.0
u57,1365552000,3.0
u57,1365638400,2.0
u57,1365811200,2.0
u57,1365897600,2.0
u57,1365984000,1.0
u57,1366070400,2.0
u57,1366156800,0.0
u57,1366243200,3.0
u57,1366416000,2.0
u57,1366502400,2.0
u57,1366588800,2.0
u57,1366675200,3.0
u57,1366761600,3.0
u57,1367020800,2.0
u57,1367193600,2.0
u57,1367280000,1.0
u57,1367366400,1.0
u57,1367452800,2.0
u57,1367625600,2.0
u57,1367712000,2.0
u57,1367798400,3.0
u57,1367884800,2.0
u57,1367971200,2.0
u57,1368057600,3.0
u57,1368144000,2.0
u57,1368316800,2.0
u57,1368403200,3.0
u57,1368489600,2.0
u57,1368576000,2.0
u57,1368662400,3.0
u57,1368748800,1.0
u57,1368835200,1.0
u57,1368921600,2.0
u57,1369008000,1.0
u57,1369094400,2.0
u57,1369180800,2.0
u57,1369267200,2.0
u57,1369353600,2.0
u57,1369440000,2.0
u57,1369526400,2.0
u57,1369699200,0.0
u57,1369958400,3.0
u57,1370044800,3.0
u57,1370131200,3.0
u57,1370217600,2.0
u57,1370304000,2.0
u58,1364342400,3.0
u58,1364428800,3.0
u58,1364601600,2.0
u58,1364860800,3.0
u58,1364947200,3.0
u58,1365033600,1.0
u58,1365120000,3.0
u58,1365206400,1.0
u58,1365292800,1.0
u58,1365379200,3.0
u58,1365465600,3.0
u58,1365552000,3.0
u58,1365638400,1.0
u58,1365724800,3.0
u58,1365811200,3.0
u58,1365897600,3.0
u58,1365984000,3.0
u58,1366070400,0.0
u58,1366156800,3.0
u58,1366243200,1.0
u58,1366329600,3.0
u58,1366416000,3.0
u58,1366588800,3.0
u58,1366675200,2.0
u58,1366761600,2.0
u58,1366934400,3.0
u58,1367020800,3.0
u58,1367107200,3.0
u58,1367193600,3.0
u58,1367280000,3.0
u58,1367366400,3.0
u58,1367539200,3.0
u58,1367625600,3.0
u58,1367798400,2.0
u58,1367884800,3.0
u58,1368057600,1.0
u58,1368144000,1.0
u58,1368230400,3.0
u58,1368316800,3.0
u58,1368403200,1.0
u58,1368489600,3.0
u58,1368576000,3.0
u58,1368662400,3.0
u58,1368748800,3.0
u58,1368835200,3.0
u58,1368921600,0.0
u58,1369008000,2.0
u58,1369094400,3.0
u58,1369180800,2.0
u58,1369440000,3.0
u58,1369612800,3.0
u58,1369699200,2.0
u58,1369785600,3.0
u58,1369872000,0.0
u58,1370044800,3.0
u59,1364256000,2.0
u59,1364342400,2.0
u59,1364428800,1.0
u59,1364515200,2.0
u59,1364601600,2.5
u59,1364688000,2.5
u59,1364774400,2.0
u59,1364860800,1.5
u59,1364947200,2.0
u59,1365033600,2.0
u59,1365120000,2.0
u59,1365206400,3.0
u59,1365379200,1.5
u59,1365465600,2.0
u59,1365552000,2.0
u59,1365638400,2.0
u59,1365724800,1.5
u59,1365811200,3.0
u59,1365984000,2.0
u59,1366156800,0.0
u59,1366243200,1.0
u59,1366329600,2.0
u59,1366416000,2.0
u59,1366588800,1.0
u59,1366675200,0.0
u59,1366761600,3.0
u59,1366848000,2.0
u59,1367193600,0.0
u59,1367280000,0.0
u59,1367452800,3.0
u59,1367539200,1.5
u59,1367798400,2.0
u59,1367884800,1.0
u59,1367971200,1.0
u59,1368057600,2.0
u59,1368230400,1.0
u59,1368316800,1.0
u59,1368576000,3.0
u59,1368748800,2.0
u59,1368835200,3.0
u59,1368921600,3.0
u59,1369094400,2.0
u59,1369267200,2.0
u59,1369353600,2.0
u59,1369526400,3.0
u59,1369612800,3.0
u59,1369699200,2.0
u59,1369785600,1.0
u59,1369872000,3.0
u59,1370044800,3.0
u59,1370131200,2.0
u59,1370304000,3.0
u59,1370390400,3.0
u59,1370563200,2.0
